Name,Street,StreetNr,Zip Code,City,Legitimate
Lula Groom,Pilgatan,60,41133,Goteborg,True
Lieselotte Halberg,Boberg,94,65135,Kalrlstad,True
Flora Yearsley,Pilgatan,60,41133,Goteborg,True
Hazel Maltos,Bergsbogatan,59,50136,Boras,True
Lula Groom,Pilgatan,60,41133,Goteborg,True
Anneliese Laber,Allhelgonagatan,2,11125,Stockholm,True
Lieselotte Halberg,Akutgatan,45,22175,Lund,True
Ellie Graziano,,94,65135,Kalrlstad,False
Lieselotte Halberg,Boberg,94,65135,Kalrlstad,True
Verda Faris,Floragatan,17,58146,Linkoping,True
Anneliese Laber,Allhelgonagatan,2,11125,Stockholm,True
Flora Yearsley,Pilgatan,60,41133,Goteborg,True
Gladis Dunlap,Boberg,94,65135,Kalrlstad,True
Bernetta Rountree,Floragatan,71,58146,Linkoping,True
Perry Didonna,Larmtorget,22,39146,Kalmar,True
Buddy Rowser,Floragatan,17,58146,Linkoping,True
Myong Lofthouse,Akutgatan,45,22175,Lund,True
Perry Didonna,Larmtorget,22,39146,Kalmar,True
Alexa Grego,Floragatan,17,58146,Linkoping,True
Maryland Kraushaar,Ekorrstigen,66,97146,Lulea,True
Lieselotte Halberg,Boberg,94,65135,Kalrlstad,True
Ellie Graziano,Boberg,94,65135,Kalrlstad,True
,Floragatan,88,58146,Linkoping,False
Lieselotte Halberg,Akutgatan,45,,Lund,False
Alexa Grego,Floragatan,17,58146,Linkoping,True
Joleen Bright,Ekorrstigen,66,97146,Lulea,True
Pearlene Robison,Larmtorget,22,39146,Kalmar,True
Anneliese Laber,Allhelgonagatan,2,11125,Stockholm,True
Maryland Kraushaar,,66,,Lulea,False
Cyndi Mourer,Floragatan,71,58146,Linkoping,True
Perry Didonna,Larmtorget,22,39146,Kalmar,True
Maryland Kraushaar,Ekorrstigen,66,97146,Lulea,True
Anneliese Laber,Allhelgonagatan,2,11125,Stockholm,True
Elza Prophet,Floragatan,71,58146,Linkoping,True
Flora Yearsley,Pilgatan,60,41133,Goteborg,True
Flora Yearsley,Pilgatan,60,41133,Goteborg,True
Myong Lofthouse,Akutgatan,45,22175,Lund,True
Anneliese Laber,Allhelgonagatan,2,11125,Stockholm,True
Buddy Rowser,Floragatan,17,58146,Linkoping,True
Dwight Sparr,Bergsbogatan,59,50136,Boras,True
Buddy Rowser,Floragatan,17,58146,Linkoping,True
Alexa Grego,Floragatan,17,58146,Linkoping,True
,Akutgatan,45,22175,Lund,False
Lula Groom,Pilgatan,60,41133,Goteborg,True
Bernetta Rountree,Floragatan,71,58146,Linkoping,True
Perry Didonna,Larmtorget,22,39146,Kalmar,True
Dwight Sparr,Bergsbogatan,59,50136,Boras,True
,Floragatan,88,,Linkoping,False
Anneliese Laber,Allhelgonagatan,2,11125,Stockholm,True
Maryland Kraushaar,Ekorrstigen,66,97146,Lulea,True
Ardelle Geisler,Akutgatan,45,22175,Lund,True
Maryland Kraushaar,Ekorrstigen,66,97146,Lulea,True
Gladis Dunlap,Boberg,94,65135,Kalrlstad,True
Anneliese Laber,,2,11125,Stockholm,False
Adrien Emerson,,88,58146,Linkoping,False
Maryland Kraushaar,Ekorrstigen,66,97146,Lulea,True
Sari Hemstreet,Floragatan,88,58146,Linkoping,True
Lieselotte Halberg,Akutgatan,45,22175,Lund,True
Buddy Rowser,Floragatan,17,58146,Linkoping,True
Bernetta Rountree,,71,58146,Linkoping,False
Cristopher Bakken,Floragatan,17,58146,Linkoping,True
Alexa Grego,Floragatan,17,58146,Linkoping,True
Elza Prophet,Floragatan,71,58146,Linkoping,True
Flora Yearsley,Larmtorget,22,39146,Kalmar,True
Verda Faris,Floragatan,17,58146,Linkoping,True
Bernetta Rountree,Floragatan,71,58146,Linkoping,True
Anneliese Laber,Allhelgonagatan,2,11125,Stockholm,True
Francene Nutting,Larmtorget,22,39146,Kalmar,True
,Larmtorget,22,39146,Kalmar,False
Perry Didonna,Larmtorget,22,39146,Kalmar,True
Flora Yearsley,Larmtorget,22,39146,Kalmar,True
Dwight Sparr,Bergsbogatan,59,,Boras,False
Flora Yearsley,Larmtorget,22,39146,Kalmar,True
Myong Lofthouse,Akutgatan,45,22175,Lund,True
Sari Hemstreet,Floragatan,88,58146,Linkoping,True
Kyoko Jarboe,Floragatan,88,58146,Linkoping,True
Hazel Maltos,Bergsbogatan,59,50136,Boras,True
Anneliese Laber,Allhelgonagatan,2,11125,Stockholm,True
Anneliese Laber,Allhelgonagatan,2,11125,Stockholm,True
Hazel Maltos,Bergsbogatan,59,50136,Boras,True
Pearlene Robison,Larmtorget,22,39146,Kalmar,True
Lula Groom,Pilgatan,60,41133,Goteborg,True
Ellie Graziano,Boberg,94,65135,Kalrlstad,True
Alexa Grego,Floragatan,17,,Linkoping,False
Dwight Sparr,,59,50136,Boras,False
,Floragatan,17,58146,Linkoping,False
Alexa Grego,Floragatan,17,58146,Linkoping,True
Ellie Graziano,Boberg,94,65135,Kalrlstad,True
Cyndi Mourer,Floragatan,71,58146,Linkoping,True
Buddy Rowser,Floragatan,17,58146,Linkoping,True
Maryland Kraushaar,Ekorrstigen,66,97146,Lulea,True
Perry Didonna,Larmtorget,22,39146,Kalmar,True
Myong Lofthouse,Akutgatan,45,22175,Lund,True
Maryland Kraushaar,Ekorrstigen,66,97146,Lulea,True
Gladis Dunlap,Boberg,94,65135,Kalrlstad,True
Lieselotte Halberg,Akutgatan,45,,Lund,False
,Pilgatan,60,41133,Goteborg,False
Flora Yearsley,Pilgatan,60,41133,Goteborg,True
Adrien Emerson,Floragatan,88,58146,Linkoping,True
Ardelle Geisler,Akutgatan,45,22175,Lund,True
